{"properties": [
  {
    "name": "gestioneprenotazioni.istruzioniItaliano",
    "type": "java.lang.String",
    "description": "A description for 'gestioneprenotazioni.istruzioniItaliano'"
  },
  {
    "name": "gestioneprenotazioni.istruzioniInglese",
    "type": "java.lang.String",
    "description": "A description for 'gestioneprenotazioni.istruzioniInglese'"
  },
  {
    "name": "gestioneprenotazioni.istruzioniInglese",
    "type": "java.lang.String",
    "description": "A description for 'gestioneprenotazioni.istruzioniInglese'"
  },
  {
    "name": "exception.lessthantwodays",
    "type": "java.lang.String",
    "description": "A description for 'exception.lessthantwodays'"
  },
  {
    "name": "exception.entitynotfound",
    "type": "java.lang.String",
    "description": "A description for 'exception.entitynotfound'"
  },
  {
    "name": "exception.userhasreservation",
    "type": "java.lang.String",
    "description": "A description for 'exception.userhasreservation'"
  },
  {
    "name": "exception.workspacealreadyreserved",
    "type": "java.lang.String",
    "description": "A description for 'exception.workspacealreadyreserved'"
  },
  {
    "name": "jwt.secret",
    "type": "java.lang.String",
    "description": "A description for 'jwt.secret'"
  },
  {
    "name": "jwt.expirationms",
    "type": "java.lang.String",
    "description": "A description for 'jwt.expirationms'"
  },
  {
    "name": "gestioneprenotazioni.istruzioniInglese",
    "type": "java.lang.String",
    "description": "A description for 'gestioneprenotazioni.istruzioniInglese'"
  },
  {
    "name": "gestioneprenotazioni.istruzioniInglese",
    "type": "java.lang.String",
    "description": "A description for 'gestioneprenotazioni.istruzioniInglese'"
  },
  {
    "name": "gestioneprenotazioni.istruzioniInglese",
    "type": "java.lang.String",
    "description": "A description for 'gestioneprenotazioni.istruzioniInglese'"
  },
  {
    "name": "gestioneprenotazioni.istruzioniItaliano",
    "type": "java.lang.String",
    "description": "A description for 'gestioneprenotazioni.istruzioniItaliano'"
  }
]}